Metric,Median,CI_Lower,CI_Upper
Institution VaR,-0.3335719293263505,-0.3484813000896377,-0.319349296441714
System VaR,-0.32324688245864475,-0.3379546054335282,-0.31200129995821313
CoVaR,-0.27505810299652156,-0.3044614041145998,-0.2520141188436837
ΔCoVaR,0.04825096457201847,0.017699591648457663,0.0755508968415904
α (Intercept),-0.31382864561751833,-0.3269670048975939,-0.3015302115152017
β (Institution),-0.11844288652623854,-0.17784673494238634,-0.048658879885345736
γ (Lagged),0.14988030597650634,0.08187668046164753,0.20188036918351118
