Metric,Value,CI_Lower,CI_Upper
Institution VaR,-1686454.7529951872,-1697275.2993233285,-1676169.0404358348
System VaR,-1686468.5387759078,-1696320.2006154223,-1675599.7461000383
CoVaR,-30949570382.22454,-31145151022.227962,-30735043461.569553
ΔCoVaR,-30947887093.514908,-31143460510.624588,-30733360729.959
β coefficient,18350.85378745191,18223.654155047094,18466.82050432831
α coefficient,-1684806.0689802484,-1694878.172282174,-1674484.949301963
